localidad,H,M
De la virgen y turistica,0.4817408704352176,0.5182591295647824
Historica y del caribe norte,0.46949406435418645,0.5305059356458136
Industrial de la bahia,0.47798233736838913,0.5220176626316109
